domain,cc,size_mobile,size_desktop
247ureports.com,NG,78442,78442
263chat.com,ZW,243528,243510
7sur7.cd,CD,303144,303144
abangui.com,CF,52725,52725
abcafricanews.com,UG,91168,91150
abidjantv.net,CI,357685,357678
abpinfos.gov.bi,BI,29089,29089
abujavoice.com,NG,23785,23143
acpcongo.com,CD,113181,113181
actualites.visages-du-benin.com,BJ,109710,-1
addisfortune.net,ET,11234,72560
africanreporter.co.za,ZA,125084,284838
africansearchlight.com,NG,20978,20978
agora.co.ao,AO,-1,-1
ain-oulmene.com,DZ,41495,150175
akhbarachark.dz,DZ,266092,266092
akhbarelyom.com,EG,140570,99995
albayane.press.ma,MA,126524,126524
albertonrecord.co.za,ZA,125850,288300
alerte-info.net,CI,-1,-1
alexnews.co.za,ZA,106785,279804
algeriatimes.info,DZ,-1,-1
algerienetwork.com,DZ,232029,232029
alhadath-tv.com,EG,57,57
alittihad.press.ma,MA,-1,-1
allsbc.com,SO,51644,51644
almaugif.com,SS,218412,218412
alnabaa.tv,LY,58999,59174
amharicnews.com,ET,-1,-1
aminata.com,GQ,266299,266299
angolanas.net,AO,6808,6264
ar.leaders.com.tn,TN,61005,59467
asemana.sapo.cv,CV,3695,3695
assudan.net,SD,153109,153109
atoptogo.blogspot.com,TG,31594,28258
awate.com,ER,93228,93228
awoko.org,SL,34704,34704
bamendaonline.net,CM,6857,6495
banthutimes.com,MW,311,311
batnainfo.com,DZ,-1,-1
bayanealyaoume.press.ma,MA,379757,540510
bbstv.ug,UG,63797,63796
BC,MA,-1,-1
BC,NG,-1,-1
bedfordviewedenvalenews.co.za,ZA,125530,268275
bejaia-aujourdhui.com,DZ,1711,299
bel-abbes.info,DZ,4442,171436
beninsite.net,BJ,117663,117686
benonicitytimes.co.za,ZA,111766,291721
benuenewsonline.com,NG,-1,-1
bereamail.co.za,ZA,105849,276650
bizwatchnigeria.ng,NG,263838,263838
bj.jolome.com,BJ,605,605
blanknewsonline.wordpress.com,NG,164030,166978
boksburgadvertiser.co.za,ZA,111327,298218
brakpanherald.co.za,ZA,109681,279509
brazza-news.com,CG,-1,-1
breezefmchipata.com,ZM,36665,36658
bulawayo24.com,ZW,62475,82171
burundi-24.com,BI,17808,17808
businessdayonline.com,NG,81733,146812
businesseyengr.com,NG,2588,2588
businessnews.com.ng,NG,44844,44844
businessworldng.com,NG,11658,20116
buzzghana.com,GH,99925,101253
buzzkenya.com,KE,241197,241197
buzznigeria.com,NG,122459,123609
buzzsouthafrica.com,ZA,113911,114794
cameroonjournal.com,CM,146892,146892
cameroonwebnews.com,CM,11783,11783
capitalradio.co.ug,UG,84269,85013
centrafrique-presse.over-blog.com,CF,89677,249408
citizen.co.za,ZA,229326,229326
city1051fm.com,NG,71350,71350
citybuzz.co.za,ZA,104980,242911
cocorioko.info,SL,-1,-1
comarochronicle.co.za,ZA,113073,287477
completesportsnigeria.com,NG,134408,134408
congo-liberty.com,CG,29181,105744
congopanorama.info,CD,10583,10583
crossriverwatch.com,NG,114787,114787
crtv.cm,CM,403686,403686
cyberzena.com,ET,10984,11011
dailyegypt.net,EG,-1,-1
dailyindependentnig.com,NG,-1,-1
dailynews.gm,GM,5725,5725
dailypost.ng,NG,137249,138110
dailypost.ug,UG,106926,106926
dailyreviewonline.com.ng,NG,8924,9394
dailystar.com.ng,NG,76281,77054
desertherald.com,NG,895,895
diasporasaharaui-en.blogspot.com,EH,41562,290435
dieson.mobi,ZA,35661,60738
diplomat.so,SO,130381,130381
djiboutination.com,DJ,7314,7314
eagle.co.ug,UG,49593,144504
eaglereporters.com,NG,63639,20786
ecadforum.com,ET,114170,114170
echosdesidibelabbes.info,DZ,22952,22952
economiaemercado.sapo.ao,AO,85503,85503
ectv.org,ET,36934,36935
edennewspaper.org,CM,63105,69984
egyptcmnews.com,EG,-1,-1
egypttoday.com,EG,69210,69210
el-youm.info,DZ,215303,215303
elayem.com,DZ,2645,2645
elmassar-ar.com,DZ,74378,74378
elraaed.com,DZ,184886,184886
elwaha-dz.com,DZ,64133,184751
elwatani.com,DZ,108623,108623
es.groups.yahoo.com,EH,49952,57695
ethioforum.org,ET,2888,2884
ethiopiaforums.com,ET,75804,75804
ethiopianreview.com,ET,17777,17777
evasion.lepays.bf,BF,80947,80947
ewn.co.za,ZA,218312,223137
exame.co.ao,AO,-1,-1
exposeghana.com,GH,57380,57380
expressng.com,NG,-1,-1
eyeradio.org,SS,41664,41664
faso-actu.net,BF,99914,99914
financenews.press.ma,MA,40899,40899
flashpointnews.wordpress.com,NG,420706,448559
focus.rw,RW,52320,52320
foroyaa.gm,GM,279433,279433
fourwaysreview.co.za,ZA,111157,293549
fr.alakhbar.info,MR,31321,31321
gabonreview.com,GA,111068,111068
gainako.com,GM,172133,172133
germinalnewspaper.com,CM,804,804
germistoncitynews.co.za,ZA,112632,297788
ghanaianlens.com,GH,315,315
ghananewslink.com,GH,94371,94371
ghananewsportal.com,GH,7462,7462
ghheadlines.com,GH,-1,-1
gistyinka.net,NG,18067,17999
globalvillageextra.com,NG,195981,195981
gloryfm.com,NG,16255,26990
gnnliberia.com,LR,101974,101973
goldenpennewspaper.blogspot.com,NG,39931,137074
graphic.com.gh,GH,15604,15604
guinea-forum.org,GQ,31191,59931
guineeactu.info,GQ,59469,59380
guineenews.org,GQ,298946,300097
haatuf.net,SO,48614,48614
happyghana.com,GH,73458,72205
hebdo.ahram.org.eg,EG,104865,104865
heritageliberia.net,LR,7597,7597
highwaymail.co.za,ZA,110918,283497
hmetro.co.zw,ZW,90957,90957
hotnaijanews.com,NG,-1,-1
iharare.com,ZW,132265,135481
imvahonshya.co.rw,RW,92360,92360
ireports-ng.com,NG,202882,202882
isoexpress.co.za,ZA,61008,112472
itvradionigeria.com,NG,185038,185038
jamboleonews.blogspot.com,TZ,22250,19080
joburgeastexpress.co.za,ZA,110677,280935
jornaldeangola.sapo.ao,AO,78560,78558
jornaldeeconomia.sapo.ao,AO,2599,36787
jornaldosdesportos.sapo.ao,AO,2575,57124
jornalf8.net,AO,166282,166282
journal.rdpcpdm.cm,CM,275662,275662
kabyleuniversel.com,DZ,248344,248344
kampalasun.co.ug,UG,164250,164250
kemptonexpress.co.za,ZA,109070,294861
kenyanewsagency.go.ke,KE,166,166
kfm.co.ug,UG,20899,20899
krugersdorpnews.co.za,ZA,109238,291021
kumasimail.com,GH,826,826
kwekwebiz.com,ZW,155208,155208
ladysmithgazette.co.za,ZA,108248,278671
laghouatinfo.net,DZ,107078,892554
lalternative-togo.com,TG,63121,70002
landbou.com,ZA,74129,115110
latribunedelacapitale.com,BJ,161417,161417
lautrefraternite.com,BJ,87065,87583
lavoixdesidibelabbes.info,DZ,109740,109740
leadership.ng,NG,234466,234466
leboncoin.nu,MU,90502,90502
lechiffredaffaires.net,DZ,102207,102207
lecitoyendz.com,DZ,56933,56933
lecombat.info,ML,56241,56241
leconfrere.info,BJ,69559,69559
lecourrier-dalgerie.com,DZ,120623,121098
ledaily.mg,MG,101837,101837
lefaso.net,BF,105999,105999
lejournaldaffaire.com,DZ,76844,76838
lejournaldemayotte.com,YT,45081,103745
lelynx.net,GQ,48726,48726
lepays.bf,BF,374181,257050
leprovincial.com,DZ,3793,3793
lequotidienalgerie.org,DZ,168206,168206
lestimes.com,LS,266190,266194
letempstg.com,TG,152608,733375
levenementprecis.com,BJ,143440,143440
lexpressguinee.com,GQ,82988,82988
liberal.sapo.cv,CV,294074,294074
libyabizinfo.com,LY,-1,-1
lindaikeji.blogspot.com,NG,91324,171019
lintelligentdabidjan.ci,CI,-1,-1
lnt.ma,MA,47711,50832
lobservateurdumaroc.info,MA,140869,140869
lowvelder.co.za,ZA,118074,289122
lusakastar.com,ZM,105056,105056
lusakavoice.com,ZM,154648,154598
majira-hall.blogspot.com,TZ,85006,85007
makonitimes.com,SL,2754,2738
malawi24.com,MW,33181,60514
malawiana.net,MW,176625,175655
malawilive.com,MW,23753,23265
maliactu.net,ML,130003,130000
manicapost.co.zw,ZW,206176,208569
maravi.blogspot.com,ZM,49383,261270
maritzburgsun.co.za,ZA,110808,275624
marocgazette.com,MA,-1,-1
marocpress.ma,MA,143775,144145
mauritiustimes.com,MU,77015,77015
mayotte.la1ere.fr,YT,203204,203204
mbc.intnet.mu,MU,110276,110276
mediamaxnetwork.co.ke,KE,197038,184153
mg.co.za,ZA,158182,165344
midrandreporter.co.za,ZA,108328,307085
mkegypt.net,EG,350,350
monroviainquirer.com,LR,134850,134850
moroccantimes.com,MA,16181,27096
moroccomedia.com,MA,74403,74403
mtanzania.co.tz,TZ,77564,77565
mthathaexpress.co.za,ZA,61008,112474
mubasher-misr.aljazeera.net,EG,120469,120469
mutations-online.info,CM,-1,-1
mutationsbf.net,BF,2424,293
mysierraleoneonline.com,SL,-1,-1
mzalendo.net,TZ,96814,96742
naijabizcom.com,NG,58683,58683
nationalmirroronline.net,NG,58417,68071
nbs.ug,UG,211969,211969
nehandaradio.com,ZW,177984,177037
nehandatv.com,ZW,88381,88401
new.elfagr.org,EG,124242,124242
newcastleadvertiser.co.za,ZA,110744,288589
newctzen.com,SL,62872,69751
newmail-ng.com,NG,267409,267409
news.aniamey.com,NE,95470,95470
news.bestnaira.com,NG,20327,20623
news.google.com,BW,593376,1082056
news.google.com,EG,503520,1112625
news.google.com,ET,595199,1118710
news.google.com,GH,591426,1114829
news.google.com,KE,594284,1120888
news.google.com,MA,596419,1121778
news.google.com,NA,593760,1123564
news.google.com,NG,595311,1124045
news.google.com,SN,593488,1116160
news.google.com,TZ,593301,1117385
news.google.com,UG,595205,1119079
news.google.com,ZA,593287,1118327
news.google.com,ZW,598860,1104771
news.maraviexpress.com,MW,154743,154743
news.sudanvisiondaily.com,SD,6907,6371
newsbreaknigeria.com,NG,-1,-1
newsdayngonline.com,NG,319,319
newsdiaryonline.com,NG,289548,289548
newsducamer.com,CM,198100,172855
newsinlibya.com,LY,2744,2722
newsinvestigatorsng.com,NG,88093,88093
newslexpoint.com,UG,366603,368540
newsly.ma,MA,38216,38216
newsofthesouth.com,ZW,69050,69050
newsvyb.com,ZW,10531,10531
newtelegraphonline.com,NG,34300,34200
newzimbabwevision.com,ZW,70266,70266
ngex.com,NG,-1,-1
nhasimugweru.blogspot.com,ZW,43152,125619
nigerdiaspora.net,NE,224009,224009
nigeriaindependent.com,NG,27401,27401
nigerianbeacon.com,NG,205008,203381
nigerianinquirer.com,NG,10595,11020
nigeriannewsportal.com,NG,-1,-1
nigeriantimes.ng,NG,155596,207051
nigeriapoliticsonline.com,NG,203044,203216
nigeriastandardnewspaper.com,NG,586129,586128
northcliffmelvilletimes.co.za,ZA,128907,294438
northeasterntribune.co.za,ZA,109779,294245
northglennews.co.za,ZA,109408,288856
noticiasdonorte.publ.cv,CV,64739,64739
novagazeta.co.ao,AO,21726,21726
ntv.nation.co.ke,KE,39547,39547
observer.gm,GM,-1,-1
observer24.com.na,NA,86592,86592
ogavendor.com,NG,80132,100955
ontveg.com,EG,320487,320326
opais.co.ao,AO,85492,85494
ouest-info.org,DZ,134628,134628
owlpressonline.com,SL,-1,-1
patsakacommunityradio.org,ZW,97975,97942
peaceghana.com,GH,311,311
plentynews.com,NG,1442,1442
pointblanknews.com,NG,104899,104899
politicosl.com,SL,67031,67031
polokwaneexpress.co.za,ZA,101593,271022
ppbdi.com,BI,123230,122675
pulse.ng,NG,107860,146404
puntlandi.com,SO,145782,145782
puntlandnews24.com,SO,103046,103046
quotidienlemessager.net,CM,16485,27404
radiodemocracy.sl,SL,97259,97259
radiodespertarangola.net,AO,114346,114346
radiookapi.net,CD,61782,111495
radioonefm90.com,UG,44528,44528
radiotamazuj.org,SS,30192,30192
randburgsun.co.za,ZA,108373,282377
rasd.tv,EH,22309,26146
rc1023.fm,NG,-1,-1
realnewsmagazine.net,NG,110083,110083
rekordcenturion.co.za,ZA,123331,284396
rekordeast.co.za,ZA,109838,300597
reporters365.com,NG,257995,257995
reunion.la1ere.fr,RE,151869,151869
risingsunchatsworth.co.za,ZA,113047,287730
royaltimes.net,NG,78487,77960
rwandawire.com,RW,37271,37271
saharaoccidental.blogspot.com,EH,37970,93675
saharareporters.com,NG,175135,159861
salonepost.com,SL,-1,11652
salonetimespress.com,SL,-1,-1
sandtonchronicle.co.za,ZA,125782,296680
sandtonmag.co.za,ZA,48790,48790
sawt-alahrar.net,DZ,3335,873
sawtdjelfa.com,DZ,47209,164882
scannewsnigeria.com,NG,89664,89664
sdeconews.com,SD,-1,-1
sedibengster.com,ZA,63248,183572
semanarioeconomico.co.ao,AO,-1,-1
senego.com,SN,125606,125976
silverbirdtv.com,NG,148366,148390
sites.google.com,DZ,960115,934750
siyimbali.com,SZ,58413,58413
skygatenews.com,NG,-1,-1
slconcordtimes.com,SL,53408,53408
slpublicopinion.wordpress.com,SL,54648,57425
societynews.co.za,ZA,111,111
somaliaone.net,SO,112922,112922
somalilandpress.com,SO,67769,197751
sosanews.com,SS,31100,31590
source.co.zw,ZW,123548,123548
southafricatoday.net,ZA,57915,196735
southcoastherald.co.za,ZA,108385,284795
southcoastsun.co.za,ZA,118984,277586
southernafrican.news,NA,129805,128145
southlandssun.co.za,ZA,103266,270923
southsudaninfo.net,SS,-1,-1
southsudantoday.net,SS,5153,1104
southsudantribune.org,SS,46218,46218
sport.elkhabar.com,DZ,288586,288586
sport.ennaharonline.com,DZ,227756,227756
sportbrief.co.zw,ZW,203206,203206
spr.fm,SO,10933,19160
standardtimespress.org,SL,56534,56534
startvtz.com,TZ,31147,31151
stfrancischronicle.com,ZA,63270,54361
sthelenaonline.org,SH,110433,110433
suna-sd.net,SD,72570,72570
sundayexpress.co.ls,LS,101828,101828
sundayvani.intnet.mu,MU,-1,-1
sunnewsonline.com,NG,134223,134223
tabloidmedia.co.za,ZA,-1,-1
tahrirnews.com,EG,177848,177848
tchadinfos.com,TD,153097,153097
tchadonline.com,TD,7975,7975
tdailynews.net,TN,-1,-1
telquel.ma,MA,242605,148574
theabujatimes.com,NG,195681,195463
theadvocatengr.com,NG,82392,82392
thebftonline.com,GH,33877,33879
thechronicle.com.gh,GH,-1,-1
thecitizenng.com,NG,181787,181796
theeagleonline.com.ng,NG,177170,177170
theglobenewspaper.blogspot.com,ZM,22880,286529
theheraldghana.com,GH,42966,42966
theinfrastructurenewsng.com,NG,327,327
theinsider.ug,UG,172770,172770
theinvestigatornews.com,UG,57436,261270
thelead.com.ng,NG,-1,-1
theliberiandialogue.org,LR,58511,58511
theliberiantimes.weebly.com,LR,17534,17534
thenationonlineng.net,NG,130391,112095
theneighbourhoodonline.com,NG,283426,283471
thenewcrusadingguideonline.com,GH,141777,141777
thenewrisingsun.net,SL,28734,28734
thenews-chronicle.com,NG,87989,87977
thenewsscript.com,GH,-1,-1
thepeoplesvoice.org.zw,ZW,83539,83539
thepoint.gm,GM,8418,8418
thepointernewsonline.com,NG,150719,150721
therainbow.com.ng,NG,32342,32342
thesoutherndaily.co.zw,ZW,92642,93207
thesummary.com.ng,NG,46455,47264
theweekendpost.com,ZA,2709,2709
theweeklyadvertiser.com,KE,26636,26637
thewillnigeria.com,NG,154503,154503
thezimbabwemail.com,ZW,374925,374925
tig.asmarino.com,ER,87821,125272
timesmediamw.com,MW,192809,192809
togozine.com,TG,322743,322177
tpa.sapo.ao,AO,145868,145729
trends.ng,NG,-1,-1
tv3network.com,GH,126395,126388
tvt.tg,TG,101396,101356
tvwest.co.ug,UG,171920,171601
ubc.ug,UG,61027,143110
ugandaradionetwork.com,UG,142892,142892
ukzambians.co.uk,ZM,40356,71355
upperniletimes.net,SS,76,76
urhobotoday.com,NG,124556,124556
vibeghana.com,GH,93785,93785
victoriafalls24.com,ZW,215007,215483
wakteldjazair.com,DZ,203661,203661
watchdog.co.ug,UG,-1,-1
weekly.ahram.org.eg,EG,59804,59804
wn.com,GH,350913,350913
worldstagegroup.com,NG,589,589
wpost.co,NG,780,780
wsrw.org,EH,31156,66274
ww2.radionigeria.gov.ng,NG,-1,-1
www.1847post.com,LR,12520,12520
www.24haubenin.info,BJ,52376,52376
www.24hnewspaper.net,EG,9668,57588
www.3-mob.com,ZW,83224,83745
www.5plus.mu,MU,91725,91725
www.702.co.za,ZA,52644,52642
www.aayaha.net,SO,-1,-1
www.abamako.com,ML,67190,67190
www.abidjan.net,CI,101115,101115
www.aboutalgeria.com,DZ,303785,303786
www.abp.gouv.bj,BJ,-1,-1
www.acholitimes.com,UG,65077,65190
www.acotonou.com,BJ,62746,62746
www.actsa.org,AO,31945,31945
www.actubenin.com,BJ,322522,323217
www.actuburkina.com,BF,2710,2748
www.actuel-dz.com,DZ,92127,92123
www.actuniger.com,NE,99613,99613
www.actusen.com,SN,245156,245859
www.addisadmassnews.com,ET,52600,52600
www.adi.dj,DJ,1412,1412
www.adiac-congo.com,CG,98901,98901
www.afbis.com,NG,81793,81793
www.africa21digital.com,AO,105678,105678
www.africaguinee.com,GQ,206246,206246
www.africanewsposts.com,KE,747,747
www.africanexaminer.com,NG,191016,191136
www.africanheraldexpress.com,NG,39730,39730
www.africapresse.com,CM,108044,108044
www.africasports.net,SO,109084,109084
www.africatoday.co.ao,AO,85448,85448
www.afrik53.com,CI,153512,153512
www.afrol.com,SO,65962,65962
www.agpgabon.ga,GA,23874,23874
www.ahdath.info,MA,92473,198074
www.ahram.org.eg,EG,406100,406100
www.aib.bf,BF,62252,62252
www.aip.ci,CI,127603,127603
www.akaboozi.fm,UG,85108,85109
www.akhbaralyoumsd.net,SD,5536,5922
www.akhbarelyoum.dz,DZ,83520,83520
www.akhbarlibya24.net,LY,359,359
www.akhersaa-dz.com,DZ,309795,220974
www.akwaibomnewsonline.com,NG,40448,29805
www.al-fadjr.com,DZ,276813,276813
www.al-jarida.net,MA,38674,38674
www.alakhbar.info,MR,84119,84119
www.alalam.ma,MA,160895,160895
www.alaroyeonline.com,NG,315,315
www.alayaam.net,SD,-1,-1
www.albassair.org,DZ,51768,51811
www.alchourouk.com,TN,-1,-1
www.alenalki.com,ER,203,203
www.alfa.cv,CV,4669,4669
www.alger-info.com,DZ,-1,-1
www.alger-republicain.com,DZ,55078,55078
www.algerep.com,DZ,56410,56410
www.algeria-newspapers.com,DZ,104301,104301
www.algeria-watch.org,DZ,2797,2797
www.algeriabusinessinfo.com,DZ,-1,-1
www.algeriatimes.net,DZ,205562,205562
www.algerie-focus.com,DZ,222008,222000
www.algerie1.com,DZ,74074,75097
www.algerie360.com,DZ,148002,148341
www.algerieconfluences.com,DZ,9054,9629
www.algeriepatriotique.com,DZ,300423,300423
www.algomhuria.net.eg,EG,99,99
www.allghananews.com,GH,128555,128555
www.allnigeriasoccer.com,NG,19272,18901
www.allpuntland.com,SO,93940,93940
www.allsomali.com,SO,10518,10401
www.almaghribia.ma,MA,46822,46821
www.almasryalyoum.com,EG,67241,125953
www.almassaepress.com,MA,7010,7307
www.almessa.net.eg,EG,251763,251763
www.almizan.info,NG,33264,33264
www.almshaheer.com,SD,67683,67683
www.alome.com,TG,60459,60459
www.alqarn.dj,DJ,92396,92396
www.alrakoba.net,SD,-1,-1
www.alsahafa.info,SD,18662,18594
www.alsudani.net,SD,-1,-1
www.alwafd.org,EG,51690,122494
www.alwaslonline.com,DZ,-1,-1
www.alwatanalarabi.com,EG,219292,180316
www.alwatwan.net,KM,42315,42315
www.alwihdainfo.com,TD,150080,150080
www.amalawi.info,MW,34476,79929
www.ami.mr,MR,50240,50240
www.angola24.net,AO,21523,21523
www.angola24horas.com,AO,151247,151247
www.angolaglobal.net,AO,298,298
www.angolamonitor.co.ao,AO,-1,-1
www.angonoticias.com,AO,45493,45486
www.ann7.com,ZA,215146,215146
www.annabacity.net,DZ,51085,51304
www.annasronline.com,DZ,99562,99562
www.antennereunion.fr,RE,343723,343723
www.aouaga.com,BF,66531,66531
www.apctimes.com,SL,66446,66446
www.aproko247.com,NG,92895,92895
www.aps.dz,DZ,2888,2884
www.aps.sn,SN,96615,96615
www.arenebi.com,SN,274414,274692
www.arewaonline-ng.com,NG,155921,155921
www.arib.info,BI,2899056,2899056
www.arushatimes.co.tz,TZ,9393,9310
www.ascension-island.gov.ac,SH,71473,71442
www.asdae.com,MA,14009,14009
www.asmarino.com,ER,87837,125240
www.assabah.com.tn,TN,142248,142248
www.assabah.press.ma,MA,136073,136682
www.atoo.ci,CI,150504,150597
www.attounissia.com.tn,TN,1765,1986
www.au-senegal.com,SN,92700,92700
www.aufait.ma,MA,701,701
www.aujourdhui-en-guinee.com,GQ,79013,79013
www.aujourdhui.ma,MA,185789,186352
www.autrequotidien.com,BJ,63115,69996
www.awrambatimes.com,ET,50804,50803
www.az.com.na,NA,69194,69194
www.b-metro.co.zw,ZW,62729,62729
www.babnet.net,TN,60325,277811
www.bakhitaradio.org,SS,54595,54595
www.ballito-fever.co.za,ZA,-1,-1
www.ballitonews.co.za,ZA,61123,61123
www.banadir.com,SO,458412,458412
www.banjulfocus.com,GM,40924,40924
www.bdlive.co.za,ZA,421477,421477
www.beeld.com,ZA,47853,126695
www.bejaiainfo.com,DZ,152780,152782
www.bellanaija.com,NG,363883,221411
www.benin24tv.com,BJ,-1,-1
www.benininfo.com,BJ,142527,142527
www.bh24.co.zw,ZW,169461,169591
www.bignigeria.com,NG,177941,177941
www.bissaudigital.com,GW,26096,26096
www.bizday.co.zw,ZW,19355,19355
www.blida-aps.dz,DZ,39289,39289
www.blueprint.ng,NG,-1,-1
www.bonaberi.com,CM,107004,106997
www.bonesha.bi,BI,8472,8763
www.bordj.info,DZ,53105,53105
www.bordj.net,DZ,-1,-1
www.botswanaguardian.co.bw,BW,49568,49568
www.bravanews.com,CV,77051,77051
www.breede.com,ZA,-1,-1
www.brnieq.com,LY,20789,20789
www.bugandawatch.com,UG,71318,71318
www.bujumbura.be,BI,714,714
www.bukedde.co.ug,UG,105596,105596
www.burkina24.com,BF,37329,37378
www.burundi-info.com,BI,-1,-1
www.burundi-sites.com,BI,17180,17180
www.burundi.gov.bi,BI,39606,39606
www.burundirealite.org,BI,307,307
www.bushchicken.com,LR,78720,218102
www.business-et-finances.com,CD,187897,187897
www.businessdaily.co.zw,ZW,48154,48127
www.businessdailyafrica.com,KE,82768,82543
www.businessdaytv.co.za,ZA,421477,421477
www.businessghana.com,GH,1069,1069
www.businesstimes.co.tz,TZ,9240,9328
www.businesstodayegypt.com,EG,-1,-1
www.businessweekly.co.bw,BW,118896,118896
www.busiweek.com,UG,69880,69880
www.cabindanation.net,AO,-1,-1
www.cabodiario.com,CV,29719,29719
www.caboverdeonline.com,CV,39877,39877
www.cairolive.com,EG,97920,97920
www.cairotimes.com,EG,26588,26588
www.camer.be,CM,317032,317056
www.cameroon-info.net,CM,173362,294126
www.cameroon-tribune.cm,CM,154198,154198
www.cameroononline.org,CM,152130,152131
www.cameroonpostline.com,CM,40968,89567
www.cameroonweb.com,CM,46436,26203
www.cameroun-online.com,CM,263461,263461
www.cameroun24.net,CM,60610,60610
www.camerounactu.net,CM,14808,14808
www.camerounlink.net,CM,165646,217878
www.camerpost.com,CM,-1,-1
www.camnews24.com,CM,70917,70917
www.canalmoz.com,MZ,-1,-1
www.capetalk.co.za,ZA,52158,52158
www.capitaleritrea.com,ER,78679,78819
www.capitalethiopia.com,ET,-1,-1
www.capitalfm.co.ke,KE,76115,76072
www.capitalradiomalawi.com,MW,-1,113798
www.carletonvilleherald.com,ZA,67686,184437
www.carrefourdalgerie.com,DZ,61218,61227
www.cbc-eg.com,EG,3649,3649
www.cbn.co.za,ZA,115408,115408
www.ceelqaboobe.com,SO,147928,147928
www.cefib.com,ML,18463,18463
www.centrafrique-presse.info,CF,86,86
www.centrafriquelibre.info,CF,-1,-1
www.channelafrica.co.za,ZA,87863,87863
www.channelstv.com,NG,150569,131057
www.channelzim.net,ZW,1678,1678
www.chikuniradiozm.org,ZM,24246,35057
www.chimpreports.com,UG,127283,128184
www.chronicle.co.zw,ZW,130692,130692
www.citifmonline.com,GH,117915,117915
www.citizentv.co.ke,KE,82853,82852
www.citypress.co.za,ZA,17320,81373
www.cknnigeria.com,NG,169734,169735
www.clicanoo.re,RE,63596,134764
www.club-k.net,AO,122303,123001
www.coastweek.com,KE,619447,619447
www.comores-actualites.com,KM,63202,70081
www.comores-infos.net,KM,129263,129505
www.comores-web.com,KM,-1,-1
www.comoresonline.net,KM,-1,-1
www.competition.dz,DZ,62095,62095
www.conakryonline.com,GQ,50021,50021
www.confidente.com.na,NA,157579,157435
www.congo-site.com,CG,25514,49687
www.congo24.net,CD,447,447
www.congoindependant.com,CD,70426,70426
www.congojet.com,CD,34970,34970
www.congolais.fr,CD,4164,4164
www.congonline.com,CD,-1,-1
www.congopage.com,CG,65735,65735
www.congoplanet.com,CD,45163,45243
www.congoplanete.com,CD,47966,47932
www.congotribune.com,CD,36080,36080
www.congovision.com,CD,103216,103216
www.connectionivoirienne.net,CI,107725,107725
www.constantine-aps.dz,DZ,43416,43416
www.corcas.com,EH,-1,-1
www.cote-d-ivoire.info,CI,895,895
www.cote-d-ivoire.net,CI,45640,66604
www.cottontreenews.org,SL,18902,18902
www.courriercasablanca.com,MA,164748,164748
www.courrierconfidentiel.net,BF,46081,46081
www.cridem.org,MR,52027,51943
www.critiqueecho.com,SL,151310,151241
www.cxpress.co.za,ZA,32777,32751
www.cyberethiopia.com,ET,44752,44749
www.dac-presse.com,CG,123095,123095
www.daily-mail.co.zm,ZM,91223,91189
www.dailyguideghana.com,GH,75796,75796
www.dailyheritageonline.com,GH,1658,1658
www.dailymaverick.co.za,ZA,298729,298729
www.dailynation.news,ZM,94140,94140
www.dailynews.co.tz,TZ,158163,158163
www.dailynews.co.zw,ZW,14870,40032
www.dailynews.gov.bw,BW,-1,45205
www.dailynewsegypt.com,EG,134703,134703
www.dailytimes.com.ng,NG,-1,-1
www.dailytrust.com.ng,NG,168859,168859
www.dakar-info.com,SN,-1,-1
www.dakaractu.com,SN,202147,202152
www.deboutcongolais.info,CD,36760,36760
www.defimedia.info,MU,-1,-1
www.dehai.org,ER,92794,92794
www.depechedekabylie.com,DZ,88200,88200
www.derbypresse.dz,DZ,34832,34832
www.devoircitoyen.fr,SN,38662,38662
www.dieburger.com,ZA,47179,126039
www.digitalcongo.net,CD,3028,3028
www.direct.cd,CD,136763,136763
www.dispatchlive.co.za,ZA,214916,214916
www.districtmail.com,ZA,56995,146063
www.djazairess.com,DZ,107674,108243
www.djelfa.info,DZ,-1,-1
www.djibnet.com,DJ,35727,35727
www.dknews-dz.com,DZ,60639,60639
www.dmd.mg,MG,-1,-1
www.dostor.org,EG,97716,97718
www.durbannews.co.za,ZA,431355,431355
www.dzfoot.com,DZ,60230,67593
www.e-nigeriang.com,NG,144997,144997
www.eastlondonexpress.co.za,ZA,61008,112793
www.ech-chaab.com,DZ,252,252
www.echo-doran.com,DZ,1003,296
www.echo.co.bw,BW,2793,2793
www.echoroukonline.com,DZ,285537,285537
www.economist.com.na,NA,587953,588965
www.ecr.co.za,ZA,83660,69133
www.edenexpress.co.za,ZA,61008,112693
www.edgecommunitynews.com,ZA,68000,68000
www.editogo.tg,TG,2795,2795
www.editorialnigeria.com,NG,5382,5382
www.edoworld.net,NG,151719,151719
www.egynews.net,EG,163852,163852
www.egypt-elections.com,EG,5379,5379
www.egyptindependent.com,EG,172758,142812
www.eikestadnuus.co.za,ZA,59785,148257
www.el-hakaek.com,DZ,295,295
www.el-massa.com,DZ,922,922
www.elacil.com,DZ,10718,10718
www.elahdath.net,DZ,79070,79172
www.elbilad.net,DZ,67940,114593
www.elconfidencialsaharaui.com,EH,71650,105817
www.eldjazaircom.dz,DZ,28148,28148
www.eldjoumhouria.dz,DZ,64776,64776
www.elgoual.com,DZ,293,293
www.elheddaf.com,DZ,139265,139562
www.eljadida.com,MA,53383,53383
www.elkhabar.com,DZ,92262,92260
www.elmoudjahid-hebdo.com,DZ,2864,303
www.elmoudjahid.com,DZ,101173,101173
www.elombah.com,NG,213894,213894
www.elwassat.com,DZ,163809,163809
www.elwatan.com,DZ,86162,86162
www.emarrakech.info,MA,-1,-1
www.ena.gov.et,ET,146570,146570
www.enca.com,ZA,373213,137151
www.ennaharonline.com,DZ,195215,195346
www.enqueteplus.com,SN,130951,130951
www.enqueteur-gn.info,GQ,111720,111720
www.entv.dz,DZ,22813,22813
www.ereporter.com.ng,NG,-1,-1
www.eritrea24.com,ER,58130,58130
www.eritreadaily.net,ER,162842,162842
www.ertagov.com,ET,55181,55181
www.essahafa.info.tn,TN,64906,64906
www.essor.ml,ML,356764,356747
www.ethiomedia.com,ET,65401,65401
www.ethionewsdirect.com,ET,157360,108774
www.ethioobserver.net,ET,549333,549333
www.ethiopian-news.com,ET,118261,118261
www.ethiopianism.net,ET,-1,-1
www.ethiopianreporter.com,ET,104864,104642
www.ethiopians.com,ET,20601,20601
www.etiame.com,TG,168664,168723
www.evenement-bf.net,BF,38314,38314
www.expansao.co.ao,AO,81319,81319
www.expatica.com,ZA,22374,22374
www.expotimesonline.net,SL,47124,46731
www.expressodasilhas.sapo.cv,CV,32630,32630
www.ezega.com,ET,26377,26377
www.faceofmalawi.com,MW,62509,142238
www.factualreporters.com,NG,82499,82499
www.farajat.net,ER,369271,369271
www.fasonews.net,BF,22034,22034
www.fasopresse.net,BF,47805,47805
www.fasozine.com,BF,21197,21198
www.febpress.ly,LY,211,211
www.fimdesemana.co.mz,MZ,-1,-1
www.financialgazette.co.zw,ZW,96652,96652
www.financialmail.co.za,ZA,421423,421423
www.finitemagazine.co.ls,LS,100193,100193
www.flavafm.co.zm,ZM,45300,45300
www.focusinfos.net,TG,70574,70574
www.forumdelasemaine.com,TG,29076,29076
www.fraternitebj.info,BJ,92891,92891
www.fratmat.info,CI,80806,80918
www.frcnssz.com,NG,8371,8371
www.freedomnewspaper.com,GM,288153,286377
www.freedomradionig.com,NG,55651,55651
www.freemedia.co.tz,TZ,46257,46264
www.freshangleng.com,NG,52429,52429
www.freshfactsonlinenews.net,NG,9107,9680
www.frontiersnews.com,NG,188677,188956
www.frontpageafricaonline.com,LR,193383,172711
www.gabonactu.com,GA,213159,212878
www.gaboneco.com,GA,58361,58361
www.gabonews.com,GA,52032,52032
www.gabonlibre.com,GA,168463,168463
www.gabzfm.com,BW,1723,1723
www.galaxytvonline.com,NG,39038,39278
www.gamji.com,NG,649,649
www.garoweonline.com,SO,119188,119188
www.gazettebw.com,BW,155,155
www.gaznot.com,GW,57707,57217
www.gbcghana.com,GH,43610,43610
www.gbcsomtv.com,SO,6518,6518
www.gbich.com,CI,51389,51585
www.gbissau.com,GW,39683,139934
www.gbn.co.za,ZA,66048,65900
www.georgeherald.com,ZA,249406,332213
www.ghana.gov.gh,GH,41150,41150
www.ghanabusinessnews.com,GH,70997,70774
www.ghanadistricts.com,GH,250384,261495
www.ghanadot.com,GH,53274,53274
www.ghanaiantimes.com.gh,GH,102880,102880
www.ghanamma.com,GH,202531,203712
www.ghananation.com,GH,-1,-1
www.ghananewsagency.org,GH,60548,37463
www.ghanareview.com,GH,1059,1059
www.ghanasoccernet.com,GH,65422,89295
www.ghanatoday.com,GH,82573,82573
www.ghanavoice.com,GH,13866,13866
www.ghanaweb.com,GH,47334,27466
www.globaltimes-sl.com,SL,2743,155820
www.gnet.tn,TN,99706,99706
www.golfemediaonline.com,BJ,43732,43732
www.gossipnigeria.com,NG,54201,146545
www.gov.ls,LS,155,155
www.greytown.co.za,ZA,64189,64189
www.grocotts.co.za,ZA,164573,164573
www.groupelavenir.org,CD,101259,100399
www.grts.gm,GM,86143,86143
www.guardian.co.tz,TZ,21729,21729
www.guineatime.com,GQ,-1,-1
www.guinee24.com,GQ,41041,41041
www.guinee360.com,GQ,118919,118919
www.guinee7.com,GQ,54755,300016
www.guineeconakry.info,GQ,-1,-1
www.guineepresse.info,GQ,84525,84525
www.gurtong.net,SS,193420,193264
www.habarileo.co.tz,TZ,131093,130735
www.habarizacomores.com,KM,808549,808410
www.hafianews.com,GQ,-1,-1
www.hallmarknews.com,NG,61854,61854
www.harare24.com,ZW,18197,57136
www.hararenews.co.zw,ZW,300485,300485
www.hebdo.bf,BF,75,75
www.hebdoimmobilier-dz.com,DZ,73333,73333
www.heidelbergnigelheraut.co.za,ZA,103914,287448
www.herald.co.za,ZA,28369,28369
www.herald.co.zw,ZW,154877,154877
www.heraldlive.co.za,ZA,238975,238975
www.hermanustimes.co.za,ZA,59441,145420
www.hiiraan.com,SO,83092,83092
www.homeviewsenegal.com,SN,245942,246817
www.horizons-dz.com,DZ,-1,-1
www.huhuonline.com,NG,220934,220934
www.hurriyatsudan.com,SD,-1,-1
www.iafrica.com,ZA,68,76833
www.ialtchad.com,TD,54399,54399
www.ibinda.com,AO,26096,26096
www.icibenin.com,BJ,149208,149208
www.icilome.com,TG,77282,168450
www.igfm.sn,SN,102580,102580
www.ilanganews.co.za,ZA,65261,65261
www.ilorin.info,NG,27372,27345
www.imatin.net,CI,154889,241878
www.imensis.co.mz,MZ,715,715
www.imostateblog.com,NG,66038,66038
www.imotrumpeta.com,NG,51748,51748
www.impact24.info,DZ,123860,123860
www.independent.co.ug,UG,99094,99094
www.indepthnigeria.com,NG,9030,9609
www.infoconstantine.com,DZ,2884,2856
www.infoghana.info,GH,79973,79973
www.infoguinee.com,GQ,72143,72140
www.infonigeria.net,NG,16343,27517
www.informante.web.na,NA,313101,313101
www.informationng.com,NG,107312,109888
www.informativenews.co.ls,LS,96333,96333
www.infosen.net,SN,929,929
www.infoskikda.com,DZ,-1,-1
www.infosoir.com,DZ,7072,7072
www.infosplusgabon.com,GA,42623,42460
www.infotunisie.com,TN,49180,49180
www.insiderzim.com,ZW,48838,48838
www.insight.com.na,NA,111545,199654
www.inthenews.co.za,ZA,-1,-1
www.iol.co.za,ZA,437012,437012
www.ionigeria.com,NG,109703,109703
www.ippmedia.com,TZ,164621,164621
www.ipreunion.com,RE,101410,101410
www.iq4news.com,NG,215941,215939
www.isanganiro.org,BI,28147,28147
www.itv.co.tz,TZ,162,162
www.ivoire-presse.com,CI,27616,80994
www.ivoireactu.net,CI,68777,68777
www.ivoirediaspo.net,CI,86410,86412
www.ivorian.net,CI,1868,1868
www.iwacu-burundi.org,BI,108691,108691
www.jadidpresse.com,MA,5006,5006
www.jamana.org,ML,28200,28200
www.jamhuuriya.info,SO,-1,-1
www.jbaynews.com,ZA,140616,140616
www.jdd.sn,SN,-1,-1
www.jeberti.com,ER,109480,109480
www.jeune-independant.net,DZ,127623,127623
www.jeunessedalgerie.com,DZ,85689,85689
www.jijel-echo.com,DZ,1510177,1510190
www.jijel.info,DZ,77638,77638
www.jollofnews.com,GM,112100,112613
www.joradp.dz,DZ,672,672
www.jornalnoticias.co.mz,MZ,89475,89475
www.journal-adjinakou-benin.info,BJ,39083,39083
www.journaldebangui.com,CF,82267,82267
www.journaldebrazza.com,CG,200319,200319
www.journaldikalo.info,CM,-1,-1
www.journalducameroun.com,CM,236453,236453
www.journaldujeudi.com,BF,2083,2083
www.journaldusport.ma,MA,161210,161207
www.journaldutchad.com,TD,79433,79433
www.k-towndiary.com,CM,7728,7378
www.kababachir.com,GQ,463125,463124
www.kabyle.com,DZ,53474,53804
www.kapital971.com,GH,72820,74616
www.kawalisse.com,DZ,88045,88045
www.kawowo.com,UG,125302,125302
www.kbc.co.ke,KE,271947,271947
www.kbn.co.za,ZA,46778,46913
www.kenya-today.com,KE,45442,56629
www.kenyamoja.com,KE,266457,266020
www.kenyan-post.com,KE,123096,123097
www.kenyanewsupdates.com,KE,1558,1558
www.kitwetimes.com,ZM,-1,-1
www.kivumedia.com,CD,234153,234153
www.koerant.co.za,ZA,102352,102352
www.kogireports.com,NG,-1,-1
www.kormorant.co.za,ZA,103327,278356
www.kotzot.com,MU,0,0
www.kougaexpress.co.za,ZA,58914,109904
www.ktnkenya.tv,KE,-1,-1
www.ktvsl.com,SL,78729,78515
www.kwaranews.com,NG,41006,89146
www.kwayedza.co.zw,ZW,61389,61389
www.kwevoel.co.za,ZA,153995,153995
www.laconscience.com,CD,41167,41167
www.lactualite-dz.info,DZ,-1,-1
www.ladepechedabidjan.info,CI,144692,143720
www.lagachettedumaroc.com,MA,9203,9210
www.lagazette-dgi.com,MG,42192,42192
www.lagazette.sn,SN,-1,-1
www.lagazettedescomores.com,KM,50726,50726
www.lagazettedumaroc.com,MA,-1,-1
www.lana-news.ly,LY,37533,37531
www.lanation-arabe.dz,DZ,203,203
www.lanation.dz,DZ,1175,1175
www.lanation.mg,MG,31941,31941
www.lanationbenin.info,BJ,116489,116486
www.lanationdj.com,DJ,59529,59529
www.lanouvellecentrafrique.info,CF,301264,301264
www.lanouvelleexpression.info,CM,116533,116920
www.lanouvelletribune.info,BJ,233001,232569
www.lapresse.tn,TN,55540,55540
www.lapressedujour.net,BJ,26237,46712
www.laprosperiteonline.net,CD,196018,196018
www.laraignee.org,BJ,89847,89847
www.lasemaineafricaine.net,CG,48576,48670
www.latestnigeriannews.com,NG,126114,243403
www.latribune-dz.com,DZ,-1,-1
www.lauthentic.info,MR,62788,62788
www.lautomarche.com,DZ,147774,147774
www.laverite.mg,MG,126755,126755
www.lavieeco.com,MA,58984,168277
www.le-canal.com,YT,3937,3937
www.leaders.com.tn,TN,65613,65613
www.lebuteur.com,DZ,98038,98978
www.lecalame.info,MR,19630,19630
www.leconomiste.com,MA,101958,101958
www.leconomistemaghrebin.com,TN,112095,120307
www.leffortcamerounais.com,CM,143552,142498
www.leffortcamerounais.info,CM,122872,122045
www.lejourdalgerie.com,DZ,55610,55610
www.lejourguinee.com,GQ,272108,272108
www.lejournaldetanger.com,MA,7314,7314
www.lelephantdechaine.net,CI,-1,319
www.lemaghreb.tn,TN,167528,167529
www.lemaghrebdz.com,DZ,96394,96394
www.lematin.ma,MA,87504,72600
www.lematinal.com,MU,295,295
www.lematindz.net,DZ,78379,78379
www.lemauricien.com,MU,349924,349924
www.lemidi-dz.com,DZ,53868,53868
www.lena.gov.ls,LS,13820,13820
www.lenasia-times.co.za,ZA,14386,14386
www.lenouveaureveil.com,CI,14759,14759
www.lenzinfo.co.za,ZA,65735,66625
www.lepatriote.net,CI,59131,59131
www.lepetitjournal.com,EG,701946,701946
www.lephareonline.net,CD,46424,112835
www.lepotentielonline.com,CD,317552,317552
www.lequotidien-oran.com,DZ,55689,55689
www.lequotidien.sn,SN,-1,-1
www.lequotidiendeconstantine.com,DZ,-1,-1
www.leral.net,SN,131442,131454
www.lereporter.ma,MA,147441,148660
www.les4verites.info,BJ,54603,54603
www.lesahel.org,NE,79220,79220
www.lesdebats.com,DZ,2298,2298
www.lesdepechesdebrazzaville.fr,CG,49086,49086
www.leseco.ma,MA,298844,298844
www.lesetifien.com,DZ,-1,-1
