EG,google.com.eg
EG,speakol.com
EG,youm7.com
EG,albawabhnews.com
EG,elfagr.com
EG,jawabkom.com
EG,videoyoum7.com
EG,elbalad.news
EG,elmogaz.com
EG,nmisr.com
EG,deloton.com
EG,elwatannews.com
EG,yallakora.com
EG,jumia.com.eg
EG,hao123.com
EG,koorabia.com
EG,blogspot.com.eg
EG,elzmannews.com
EG,alnaharegypt.com
EG,vetogate.com
EG,xnxx.com
EG,freearabsexx.com
EG,elkhamis.com
EG,christian-dogma.com
EG,souq.com
EG,fehobmasr.com
EG,dostor.org
EG,olx.com.eg
EG,alhilalalyoum.com
EG,popads.net
EG,egy.best
EG,xvideos.com
EG,cima4u.tv
EG,light-dark.net
EG,propaganda-eg.com
EG,bongacams.com
EG,cimaclub.com
EG,mediafire.com
EG,myegy.tv
EG,sabaharabi.com
EG,codeonclick.com
BJ,google.bj
BJ,google.fr
BJ,torrent9.bz
BJ,ubanker.com
BJ,commentcamarche.net
BJ,savefrom.net
BJ,afrikmag.com
BJ,bongacams.com
BJ,informationvine.com
BJ,whatsapp.com
BJ,01net.com
BJ,openclassrooms.com
BJ,ask.com
BJ,xvideos.com
BJ,binarybusinessbay.com
BJ,lanouvelletribune.info
BJ,myway.com
BJ,clubic.com
BJ,mail.com
BJ,bet9ja.com
BJ,cdiscussion.com
BJ,tukif.com
BJ,softonic.com
BJ,tableau-amortissement.org
BJ,doubleclick.net
BJ,xnxx.com
BJ,beninwebtv.com
BJ,amazon.fr
BJ,tubidy.mobi
BJ,deloton.com
BJ,stackoverflow.com
BJ,reverso.net
BJ,textnow.com
BJ,diplomatie.gouv.fr
CI,google.ci
CI,jumia.ci
CI,abidjan.net
CI,google.fr
CI,eskimi.com
CI,torrent9.bz
CI,flashresultats.fr
CI,imatin.net
CI,educarriere.ci
CI,afrikmag.com
CI,fonctionpublique.gouv.ci
CI,ask.com
CI,besoccer.com
CI,savefrom.net
CI,koaci.com
CI,xvideos.com
CI,informationvine.com
CI,commentcamarche.net
CI,trackingclick.net
CI,ubanker.com
CI,ligue.fr
CI,01net.com
CI,xnxx.com
CI,betclic.football
CI,laatech.net
CI,men-deco.org
CI,clubic.com
CI,orange.ci
CI,deloton.com
CI,bongacams.com
CI,tukif.com
CI,myway.com
CI,uvci.edu.ci
CI,ivoirebusiness.net
CI,pornhub.com
CI,youmobidownload.com
CI,doubleclick.net
CI,cpabien.cx
CI,iwanttodeliver.com
